integral_mean,integral_std,hist_mean,hist_std,hist_skew,edge_density,texture_var,mean_intensity,std_intensity,min_intensity,max_intensity,filename,label,face_detected
3433080.2341954024,3334379.39120619,752.375,1718.1304931640625,54863351808.0,0.031914562219637815,1561.588676686201,83.85140284931052,55.1095953985252,0.0,255.0,15.png,1,1
151120862.55932343,134466473.18882427,17496.0,15476.6279296875,5547595137024.0,0.004480711662665752,158.0947398074507,123.83046236461192,53.52693919171298,0.0,255.0,17.JPG,1,2
1042539.6972936518,888549.6462814247,270.15625,1267.5982666015625,29165905920.0,0.07044534412955465,3212.498835091368,60.11675824175824,61.394705267108606,0.0,255.0,26.png,1,1
