integral_mean,integral_std,hist_mean,hist_std,hist_skew,edge_density,texture_var,mean_intensity,std_intensity,min_intensity,max_intensity,filename,label,face_detected
149903725.48600194,127105372.99592102,17496.0,13225.568359375,1006777532416.0,0.005217933741998171,153.54793360468747,128.83410047296525,60.768951888381,0.0,255.0,4.JPG,1,2
151120862.55932343,134466473.18882427,17496.0,15476.6279296875,5547595137024.0,0.004480711662665752,158.0947398074507,123.83046236461192,53.52693919171298,0.0,255.0,17.JPG,1,2
80689126.91139965,65712638.37662459,9443.25,6111.6015625,-56022958080.0,0.008084064675826648,217.7155875285237,117.04354052497816,56.919059071245314,0.0,255.0,8.JPG,1,1
5701280.545397777,5103703.419360468,872.0703125,1649.719482421875,53673025536.0,0.04408062709966405,1461.6068554222477,105.86799552071669,77.04277236798762,0.0,255.0,12.png,1,1
154710168.90029234,130466566.47922014,17496.0,11811.7783203125,2068138426368.0,0.007570480395518976,209.3810261363072,138.9432010798897,72.83862310277112,0.0,255.0,7.JPG,1,3
1100594.4525173234,1148114.212512763,303.3515625,1317.185546875,33617020928.0,0.05954312498390378,3108.9555574006617,68.6924721213526,55.282198083610986,0.0,255.0,28.png,1,1
